{"0": {"0": ["word: profit  start_time:1:23  end_time:1:44", 0.4430845769601627], "1": ["word: aol  start_time:1:23  end_time:1:44", 0.3101592038721139], "2": ["word: timewarner  start_time:1:23  end_time:1:44", 0.3101592038721139], "3": ["word: internet  start_time:6:23  end_time:6:44", 0.1772338307840651, "word: internet  start_time:6:23  end_time:6:44"]}, "1": {"0": ["word: scheduling  start_time:3:23  end_time:3:44", 0.6122408222821704], "1": ["word: process  start_time:2:23  end_time:2:44", 0.34489832289789135], "2": ["word: cpu  start_time:5:23  end_time:5:44", 0.2577856093819665], "3": ["word: time  start_time:1:23  end_time:1:44", 0.2577856093819665, "word: time  start_time:1:23  end_time:1:44"]}, "2": {"0": ["word: matrix  start_time:0:7  end_time:0:7", 0.4722477590017636], "1": ["word: thi  start_time:0:29  end_time:0:29", 0.4651823077371202], "2": ["word: row  start_time:1:18  end_time:1:19", 0.29988966653340443], "3": ["word: element  start_time:2:28  end_time:2:29", 0.24211938709611114, "word: element  start_time:2:28  end_time:2:29"]}, "3": {"0": ["word: transform  start_time:0:23  end_time:0:24", 0.5632076248344272], "1": ["word: vector  start_time:0:34  end_time:0:34", 0.4776413912466041], "2": ["word: land  start_time:3:46  end_time:3:47", 0.29501351777041424], "3": ["word: thi  start_time:0:21  end_time:0:22", 0.21863013045346513, "word: thi  start_time:0:21  end_time:0:22"]}, "4": {"0": ["word: transformation  start_time:0:23  end_time:0:24", 0.6331747114381041], "1": ["word: vector  start_time:0:34  end_time:0:34", 0.2961726665983284], "2": ["word: lands  start_time:3:46  end_time:3:47", 0.2143655185137061], "3": ["word: this  start_time:0:21  end_time:0:22", 0.1508555712880034, "word: this  start_time:0:21  end_time:0:22"]}, "5": {"0": ["word: vector  start_time:0:14  end_time:0:15", 0.4831299481211825], "1": ["word: number  start_time:0:55  end_time:0:55", 0.4094371230512049], "2": ["word: thi  start_time:1:16  end_time:1:16", 0.19915823695783497], "3": ["word: one  start_time:3:8  end_time:3:8", 0.1873955438599717, "word: one  start_time:3:8  end_time:3:8"]}, "6": {"0": ["word: vector  start_time:0:14  end_time:0:15", 0.4004701328123538], "1": ["word: numbers  start_time:0:55  end_time:0:55", 0.35813777337055736], "2": ["word: this  start_time:1:16  end_time:1:16", 0.3401987625124826], "3": ["word: one  start_time:3:8  end_time:3:8", 0.21287832603926699, "word: one  start_time:3:8  end_time:3:8"]}, "7": {"0": ["word: glucos  start_time:0:20  end_time:0:25", 0.40545589810693394], "1": ["word: oxygen  start_time:0:56  end_time:0:56", 0.40545589810693394], "2": ["word: carbon  start_time:1:55  end_time:1:56", 0.32098591933465603], "3": ["word: aerob  start_time:8:54  end_time:8:55", 0.25425005351724583, "word: aerob  start_time:8:54  end_time:8:55"]}, "8": {"0": ["word: thi  start_time:0:5  end_time:0:5", 0.46900589311710433], "1": ["word: reaction  start_time:2:6  end_time:2:6", 0.44220555636755554], "2": ["word: light  start_time:5:55  end_time:5:55", 0.30250334875879914], "3": ["word: photon  start_time:2:10  end_time:2:10", 0.18760235724684174, "word: photon  start_time:2:10  end_time:2:10"]}, "9": {"0": ["word: this  start_time:0:5  end_time:0:5", 0.5282593712713257], "1": ["word: reactions  start_time:2:6  end_time:2:6", 0.3785790592587948], "2": ["word: light  start_time:5:55  end_time:5:55", 0.2807089295502832], "3": ["word: photons  start_time:2:10  end_time:2:10", 0.21832916742799804, "word: photons  start_time:2:10  end_time:2:10"]}, "10": {"0": ["word: microscop  start_time:0:9  end_time:0:9", 0.4033676384684475], "1": ["word: resolut  start_time:0:7  end_time:0:8", 0.34482203737777], "2": ["word: imag  start_time:1:52  end_time:1:53", 0.2823573469279132], "3": ["word: thi  start_time:0:4  end_time:0:4", 0.2276465078739881, "word: thi  start_time:0:4  end_time:0:4"]}, "11": {"0": ["word: microscope  start_time:0:9  end_time:0:9", 0.5457015009198799], "1": ["word: resolution  start_time:0:7  end_time:0:8", 0.34653471195620844], "2": ["word: image  start_time:1:52  end_time:1:53", 0.2797788034387599], "3": ["word: this  start_time:0:4  end_time:0:4", 0.2713689737109568, "word: this  start_time:0:4  end_time:0:4"]}, "12": {"0": ["word: mitochondria  start_time:0:2  end_time:0:3", 0.5797708299550111], "1": ["word: membran  start_time:0:19  end_time:0:19", 0.4916882045148448], "2": ["word: thi  start_time:1:4  end_time:1:4", 0.30368948235738674], "3": ["word: inner  start_time:6:19  end_time:6:19", 0.21634280998653171, "word: inner  start_time:6:19  end_time:6:19"]}, "13": {"0": ["word: mitochondria  start_time:0:2  end_time:0:3", 0.6512443141223783], "1": ["word: membrane  start_time:0:19  end_time:0:19", 0.3046248715185449], "2": ["word: this  start_time:1:4  end_time:1:4", 0.15516070253636324], "3": ["word: inner  start_time:6:19  end_time:6:19", 0.14064291948813076, "word: inner  start_time:6:19  end_time:6:19"]}, "14": {"0": ["word: mutat  start_time:0:7  end_time:0:9", 0.4894977171288474], "1": ["word: thi  start_time:0:6  end_time:0:6", 0.4148336028862719], "2": ["word: chang  start_time:0:10  end_time:0:11", 0.2017831904591716], "3": ["word: dna  start_time:0:11  end_time:0:11", 0.18986546223494835, "word: dna  start_time:0:11  end_time:0:11"]}, "15": {"0": ["word: mutations  start_time:0:7  end_time:0:9", 0.3958243797591279], "1": ["word: this  start_time:0:6  end_time:0:6", 0.3759976583843826], "2": ["word: changes  start_time:0:10  end_time:0:11", 0.23527937468207172], "3": ["word: dna  start_time:0:11  end_time:0:11", 0.2204124204322243, "word: dna  start_time:0:11  end_time:0:11"]}, "16": {"0": ["word: theta  start_time:2:36  end_time:2:37", 0.4259605928543112], "1": ["word: equal  start_time:3:20  end_time:3:21", 0.4259605928543112], "2": ["word: tangent  start_time:4:13  end_time:4:14", 0.3372188026763297], "3": ["word: coordinates  start_time:0:4  end_time:0:5", 0.2662253705339445, "word: coordinates  start_time:0:4  end_time:0:5"]}, "17": {"0": ["word: theta  start_time:2:36  end_time:2:37,", 0.5006010514197495], "1": ["word: equally  start_time:3:33  end_time:3:34,", 0.47199527705290667], "2": ["word: tangent  start_time:4:13  end_time:4:14,", 0.2002404205678998], "3": ["word: coordinates  start_time:0:4  end_time:0:5,", 0.18916389155169455, "word: coordinates  start_time:0:4  end_time:0:5,"]}, "18": {"0": ["word: matrix  start_time:0:7  end_time:0:7", 0.5753536171404776], "1": ["word: row  start_time:1:18  end_time:1:19", 0.30573408966072735], "2": ["word: element  start_time:2:28  end_time:2:29", 0.2377931808472324], "3": ["word: matric  start_time:0:1  end_time:0:2", 0.23019941146449685, "word: matric  start_time:0:1  end_time:0:2"]}, "19": {"0": ["word: matrix  start_time:0:7  end_time:0:7", 0.47791655914878556], "1": ["word: rows  start_time:1:18  end_time:1:19", 0.2805977366509661], "2": ["word: element  start_time:2:28  end_time:2:29", 0.23490448142933093], "3": ["word: matrices  start_time:0:1  end_time:0:2", 0.2091770481988771, "word: matrices  start_time:0:1  end_time:0:2"]}, "20": {}, "21": {}, "22": {}, "23": {}, "24": {}, "25": {}, "26": {}, "27": {}, "28": {}, "29": {}, "30": {}, "31": {}, "32": {}}